{"loss:": 0.01964162476360798, "epoch": 14, "_timestamp": 1676617894.4324768, "_runtime": 70849.96221780777, "_step": 714, "_wandb": {"runtime": 70968}}