{"loss:": 0.017367037013173103, "epoch": 0, "_timestamp": 1676552349.5612671, "_runtime": 5305.09100818634, "_step": 48}