{"loss:": 0.01879214495420456, "epoch": 0, "_timestamp": 1676538230.652191, "_runtime": 389.6298019886017, "_step": 1, "_wandb": {"runtime": 470}}