{"loss:": 0.029605863615870476, "epoch": 0, "_timestamp": 1676546946.8257506, "_runtime": 6.906878471374512, "_step": 0, "_wandb": {"runtime": 13}}