{"loss:": 0.009801890701055527, "epoch": 14, "_timestamp": 1676602242.776716, "_runtime": 55945.34077191353, "_step": 727, "_wandb": {"runtime": 55983}}