{"loss:": 0.015681272372603416, "epoch": 1, "_timestamp": 1676552347.004727, "_runtime": 6049.5687828063965, "_step": 71}